Location,T2M,T2MWET,TS,T2M_MAX,T2M_MIN,RH2M,PRECTOTCORR,PS,WS10M,WS10M_MAX,WS10M_MIN,WS50M,WS50M_MAX,WS50M_MIN
laxmanpur_std,6.388115644567682,6.933632252926706,7.510441890448502,6.191125295896769,6.268718256051271,22.35555647174726,8.238466438180893,0.6241554868139604,0.8987563596649675,1.6155621189598506,0.6847264042870804,1.3810136367001742,1.9111968002357995,1.193352336420301
Bejapur_std,6.388115644567682,6.933632252926706,7.510441890448502,6.191125295896769,6.268718256051271,22.35555647174726,8.238466438180893,0.6241554868139604,0.8987563596649675,1.6155621189598506,0.6847264042870804,1.3810136367001742,1.9111968002357995,1.193352336420301
Khakhusm_std,6.388115644567682,6.933632252926706,7.510441890448502,6.191125295896769,6.268718256051271,22.35555647174726,8.238466438180893,0.6241554868139604,0.8987563596649675,1.6155621189598506,0.6847264042870804,1.3810136367001742,1.9111968002357995,1.193352336420301
Fattepur_std,6.388115644567682,6.933632252926706,7.510441890448502,6.191125295896769,6.268718256051271,22.35555647174726,8.238466438180893,0.6241554868139604,0.8987563596649675,1.6155621189598506,0.6847264042870804,1.3810136367001742,1.9111968002357995,1.193352336420301
Nirauli_std,7.1544639630080145,7.295021625798013,8.076240948922361,6.666361079857551,7.437206219031322,22.87682590751257,8.056412469083924,0.6885566416288311,1.2162365239704964,1.8785928489116672,0.9942272398567922,1.8675350164730282,2.216653359926523,1.6466129497589157
Chakiya_std,6.944297448591477,7.141965944860866,7.897564049128726,6.528326955589994,7.149105171061337,22.400416464127616,8.013857020187004,0.6766023924252577,1.0795079187771408,1.823127120111043,0.8176150047858314,1.6692498138576037,2.168691773222227,1.3964867051170546
Nepalgunj_std,6.388115644567682,6.933632252926706,7.510441890448502,6.191125295896769,6.268718256051271,22.35555647174726,8.238466438180893,0.6241554868139604,0.8987563596649675,1.6155621189598506,0.6847264042870804,1.3810136367001742,1.9111968002357995,1.193352336420301
Goltakuri_std,6.388115644567682,6.933632252926706,7.510441890448502,6.191125295896769,6.268718256051271,22.35555647174726,8.238466438180893,0.6241554868139604,0.8987563596649675,1.6155621189598506,0.6847264042870804,1.3810136367001742,1.9111968002357995,1.193352336420301
jamuni_std,6.944297448591477,7.141965944860866,7.897564049128726,6.528326955589994,7.149105171061337,22.400416464127616,8.013857020187004,0.6766023924252577,1.0795079187771408,1.823127120111043,0.8176150047858314,1.6692498138576037,2.168691773222227,1.3964867051170546
Banke_std,6.388115644567682,6.933632252926706,7.510441890448502,6.191125295896769,6.268718256051271,22.35555647174726,8.238466438180893,0.6241554868139604,0.8987563596649675,1.6155621189598506,0.6847264042870804,1.3810136367001742,1.9111968002357995,1.193352336420301
Pauda_std,6.944297448591477,7.141965944860866,7.897564049128726,6.528326955589994,7.149105171061337,22.400416464127616,8.013857020187004,0.6766023924252577,1.0795079187771408,1.823127120111043,0.8176150047858314,1.6692498138576037,2.168691773222227,1.3964867051170546
Udarapur_std,6.944297448591477,7.141965944860866,7.897564049128726,6.528326955589994,7.149105171061337,22.400416464127616,8.013857020187004,0.6766023924252577,1.0795079187771408,1.823127120111043,0.8176150047858314,1.6692498138576037,2.168691773222227,1.3964867051170546
Kanchanpur_std,6.388115644567682,6.933632252926706,7.510441890448502,6.191125295896769,6.268718256051271,22.35555647174726,8.238466438180893,0.6241554868139604,0.8987563596649675,1.6155621189598506,0.6847264042870804,1.3810136367001742,1.9111968002357995,1.193352336420301
Laukahi_std,6.944297448591477,7.141965944860866,7.897564049128726,6.528326955589994,7.149105171061337,22.400416464127616,8.013857020187004,0.6766023924252577,1.0795079187771408,1.823127120111043,0.8176150047858314,1.6692498138576037,2.168691773222227,1.3964867051170546
Baijnath Purwa_std,6.388115644567682,6.933632252926706,7.510441890448502,6.191125295896769,6.268718256051271,22.35555647174726,8.238466438180893,0.6241554868139604,0.8987563596649675,1.6155621189598506,0.6847264042870804,1.3810136367001742,1.9111968002357995,1.193352336420301
Sorhawa_std,6.944297448591477,7.141965944860866,7.897564049128726,6.528326955589994,7.149105171061337,22.400416464127616,8.013857020187004,0.6766023924252577,1.0795079187771408,1.823127120111043,0.8176150047858314,1.6692498138576037,2.168691773222227,1.3964867051170546
Gulariya_std,6.944297448591477,7.141965944860866,7.897564049128726,6.528326955589994,7.149105171061337,22.400416464127616,8.013857020187004,0.6766023924252577,1.0795079187771408,1.823127120111043,0.8176150047858314,1.6692498138576037,2.168691773222227,1.3964867051170546
Sarpanegarpa_std,5.825072642784682,6.717985080007851,7.061694840452834,5.650244090840748,5.716324919012393,22.852044394959105,8.550356672834262,0.5121740716368117,0.8817668340248385,1.5596902217260151,0.671741678207413,1.3007746778966127,1.9098383287152383,1.1319131657311479
Naubasta_std,6.388115644567682,6.933632252926706,7.510441890448502,6.191125295896769,6.268718256051271,22.35555647174726,8.238466438180893,0.6241554868139604,0.8987563596649675,1.6155621189598506,0.6847264042870804,1.3810136367001742,1.9111968002357995,1.193352336420301
Deudakala_std,6.306481199778404,6.922747283761365,7.37860631639412,6.137733665949856,6.159512251632085,22.04866067903487,8.016158927045455,0.614074009763771,0.635326020839753,1.2795439469424972,0.5323532298296667,0.9352237087879225,1.521724933013858,0.8239596795344469
Kavra_std,5.653803616939077,6.656317416059216,6.997237374660067,5.469803575844689,5.629509350124323,22.793551594057718,8.497823383920444,0.44033542582823754,0.5637656202504853,1.137746669177707,0.4691847362910267,0.7438860000820462,1.3268951062383414,0.6660423367642352
Chhinchu_std,5.653803616939077,6.656317416059216,6.997237374660067,5.469803575844689,5.629509350124323,22.793551594057718,8.497823383920444,0.44033542582823754,0.5637656202504853,1.137746669177707,0.4691847362910267,0.7438860000820462,1.3268951062383414,0.6660423367642352
Kalimati Kalche_std,5.653803616939077,6.656317416059216,6.997237374660067,5.469803575844689,5.629509350124323,22.793551594057718,8.497823383920444,0.44033542582823754,0.5637656202504853,1.137746669177707,0.4691847362910267,0.7438860000820462,1.3268951062383414,0.6660423367642352
Sinwang_std,5.430293251365721,6.7535616664757825,6.88847773436705,5.050366529377946,5.649006972875706,22.02742938873585,8.085980092398522,0.31445381673594053,0.5863611321788751,1.1941801033374941,0.4597129441728359,0.7286911579592641,1.3399071589141427,0.6322888881687188
bardiya_std,6.306481199778404,6.922747283761365,7.37860631639412,6.137733665949856,6.159512251632085,22.04866067903487,8.016158927045455,0.614074009763771,0.635326020839753,1.2795439469424972,0.5323532298296667,0.9352237087879225,1.521724933013858,0.8239596795344469
Bela_std,6.306481199778404,6.922747283761365,7.37860631639412,6.137733665949856,6.159512251632085,22.04866067903487,8.016158927045455,0.614074009763771,0.635326020839753,1.2795439469424972,0.5323532298296667,0.9352237087879225,1.521724933013858,0.8239596795344469
Kabhrechaur II_std,5.653803616939077,6.656317416059216,6.997237374660067,5.469803575844689,5.629509350124323,22.793551594057718,8.497823383920444,0.44033542582823754,0.5637656202504853,1.137746669177707,0.4691847362910267,0.7438860000820462,1.3268951062383414,0.6660423367642352
Kabhrechaur I_std,5.653803616939077,6.656317416059216,6.997237374660067,5.469803575844689,5.629509350124323,22.793551594057718,8.497823383920444,0.44033542582823754,0.5637656202504853,1.137746669177707,0.4691847362910267,0.7438860000820462,1.3268951062383414,0.6660423367642352
Bardiya NP_std,6.306481199778404,6.922747283761365,7.37860631639412,6.137733665949856,6.159512251632085,22.04866067903487,8.016158927045455,0.614074009763771,0.635326020839753,1.2795439469424972,0.5323532298296667,0.9352237087879225,1.521724933013858,0.8239596795344469
Lekhpokhara_std,5.430293251365721,6.7535616664757825,6.88847773436705,5.050366529377946,5.649006972875706,22.02742938873585,8.085980092398522,0.31445381673594053,0.5863611321788751,1.1941801033374941,0.4597129441728359,0.7286911579592641,1.3399071589141427,0.6322888881687188
Salyan_std,5.653803616939077,6.656317416059216,6.997237374660067,5.469803575844689,5.629509350124323,22.793551594057718,8.497823383920444,0.44033542582823754,0.5637656202504853,1.137746669177707,0.4691847362910267,0.7438860000820462,1.3268951062383414,0.6660423367642352
Rajapur_std,6.306481199778404,6.922747283761365,7.37860631639412,6.137733665949856,6.159512251632085,22.04866067903487,8.016158927045455,0.614074009763771,0.635326020839753,1.2795439469424972,0.5323532298296667,0.9352237087879225,1.521724933013858,0.8239596795344469
Gothi_std,6.306481199778404,6.922747283761365,7.37860631639412,6.137733665949856,6.159512251632085,22.04866067903487,8.016158927045455,0.614074009763771,0.635326020839753,1.2795439469424972,0.5323532298296667,0.9352237087879225,1.521724933013858,0.8239596795344469
NRASG_std,5.653803616939077,6.656317416059216,6.997237374660067,5.469803575844689,5.629509350124323,22.793551594057718,8.497823383920444,0.44033542582823754,0.5637656202504853,1.137746669177707,0.4691847362910267,0.7438860000820462,1.3268951062383414,0.6660423367642352
Vheriganga-6_std,5.653803616939077,6.656317416059216,6.997237374660067,5.469803575844689,5.629509350124323,22.793551594057718,8.497823383920444,0.44033542582823754,0.5637656202504853,1.137746669177707,0.4691847362910267,0.7438860000820462,1.3268951062383414,0.6660423367642352
Melelkuna_std,5.653803616939077,6.656317416059216,6.997237374660067,5.469803575844689,5.629509350124323,22.793551594057718,8.497823383920444,0.44033542582823754,0.5637656202504853,1.137746669177707,0.4691847362910267,0.7438860000820462,1.3268951062383414,0.6660423367642352
Majhkanda_std,5.653803616939077,6.656317416059216,6.997237374660067,5.469803575844689,5.629509350124323,22.793551594057718,8.497823383920444,0.44033542582823754,0.5637656202504853,1.137746669177707,0.4691847362910267,0.7438860000820462,1.3268951062383414,0.6660423367642352
Bheriganga_std,5.653803616939077,6.656317416059216,6.997237374660067,5.469803575844689,5.629509350124323,22.793551594057718,8.497823383920444,0.44033542582823754,0.5637656202504853,1.137746669177707,0.4691847362910267,0.7438860000820462,1.3268951062383414,0.6660423367642352
Jahelre Bazar_std,5.653803616939077,6.656317416059216,6.997237374660067,5.469803575844689,5.629509350124323,22.793551594057718,8.497823383920444,0.44033542582823754,0.5637656202504853,1.137746669177707,0.4691847362910267,0.7438860000820462,1.3268951062383414,0.6660423367642352
Kotmala_std,5.430293251365721,6.7535616664757825,6.88847773436705,5.050366529377946,5.649006972875706,22.02742938873585,8.085980092398522,0.31445381673594053,0.5863611321788751,1.1941801033374941,0.4597129441728359,0.7286911579592641,1.3399071589141427,0.6322888881687188
Meulapur_std,6.306481199778404,6.922747283761365,7.37860631639412,6.137733665949856,6.159512251632085,22.04866067903487,8.016158927045455,0.614074009763771,0.635326020839753,1.2795439469424972,0.5323532298296667,0.9352237087879225,1.521724933013858,0.8239596795344469
Dhajari Pipal_std,5.653803616939077,6.656317416059216,6.997237374660067,5.469803575844689,5.629509350124323,22.793551594057718,8.497823383920444,0.44033542582823754,0.5637656202504853,1.137746669177707,0.4691847362910267,0.7438860000820462,1.3268951062383414,0.6660423367642352
Jimala_std,5.430293251365721,6.7535616664757825,6.88847773436705,5.050366529377946,5.649006972875706,22.02742938873585,8.085980092398522,0.31445381673594053,0.5863611321788751,1.1941801033374941,0.4597129441728359,0.7286911579592641,1.3399071589141427,0.6322888881687188
Gola_std,6.306481199778404,6.922747283761365,7.37860631639412,6.137733665949856,6.159512251632085,22.04866067903487,8.016158927045455,0.614074009763771,0.635326020839753,1.2795439469424972,0.5323532298296667,0.9352237087879225,1.521724933013858,0.8239596795344469
Sattekada_std,5.653803616939077,6.656317416059216,6.997237374660067,5.469803575844689,5.629509350124323,22.793551594057718,8.497823383920444,0.44033542582823754,0.5637656202504853,1.137746669177707,0.4691847362910267,0.7438860000820462,1.3268951062383414,0.6660423367642352
Bheripur_std,5.653803616939077,6.656317416059216,6.997237374660067,5.469803575844689,5.629509350124323,22.793551594057718,8.497823383920444,0.44033542582823754,0.5637656202504853,1.137746669177707,0.4691847362910267,0.7438860000820462,1.3268951062383414,0.6660423367642352
Satakhani_std,5.653803616939077,6.656317416059216,6.997237374660067,5.469803575844689,5.629509350124323,22.793551594057718,8.497823383920444,0.44033542582823754,0.5637656202504853,1.137746669177707,0.4691847362910267,0.7438860000820462,1.3268951062383414,0.6660423367642352
Dhakadam_std,5.430293251365721,6.7535616664757825,6.88847773436705,5.050366529377946,5.649006972875706,22.02742938873585,8.085980092398522,0.31445381673594053,0.5863611321788751,1.1941801033374941,0.4597129441728359,0.7286911579592641,1.3399071589141427,0.6322888881687188
Guptipur_std,5.653803616939077,6.656317416059216,6.997237374660067,5.469803575844689,5.629509350124323,22.793551594057718,8.497823383920444,0.44033542582823754,0.5637656202504853,1.137746669177707,0.4691847362910267,0.7438860000820462,1.3268951062383414,0.6660423367642352
Subhakuna_std,5.653803616939077,6.656317416059216,6.997237374660067,5.469803575844689,5.629509350124323,22.793551594057718,8.497823383920444,0.44033542582823754,0.5637656202504853,1.137746669177707,0.4691847362910267,0.7438860000820462,1.3268951062383414,0.6660423367642352
Shree Rastriya Mavi_std,6.706058722384839,7.116742414079497,7.695500773844029,6.494641506218235,6.622800547231676,22.567583671535743,8.951398033481489,0.6604338144801456,0.8423815659374638,1.5290176661191945,0.6726943039169222,1.3408344769282827,1.8436278740353755,1.142632179145046
Uttarganga_std,5.653803616939077,6.656317416059216,6.997237374660067,5.469803575844689,5.629509350124323,22.793551594057718,8.497823383920444,0.44033542582823754,0.5637656202504853,1.137746669177707,0.4691847362910267,0.7438860000820462,1.3268951062383414,0.6660423367642352
Katkuwa_std,5.653803616939077,6.656317416059216,6.997237374660067,5.469803575844689,5.629509350124323,22.793551594057718,8.497823383920444,0.44033542582823754,0.5637656202504853,1.137746669177707,0.4691847362910267,0.7438860000820462,1.3268951062383414,0.6660423367642352
Ratu_std,5.653803616939077,6.656317416059216,6.997237374660067,5.469803575844689,5.629509350124323,22.793551594057718,8.497823383920444,0.44033542582823754,0.5637656202504853,1.137746669177707,0.4691847362910267,0.7438860000820462,1.3268951062383414,0.6660423367642352
Hariharpur_std,6.306481199778404,6.922747283761365,7.37860631639412,6.137733665949856,6.159512251632085,22.04866067903487,8.016158927045455,0.614074009763771,0.635326020839753,1.2795439469424972,0.5323532298296667,0.9352237087879225,1.521724933013858,0.8239596795344469
Surkhet Airport_std,5.653803616939077,6.656317416059216,6.997237374660067,5.469803575844689,5.629509350124323,22.793551594057718,8.497823383920444,0.44033542582823754,0.5637656202504853,1.137746669177707,0.4691847362910267,0.7438860000820462,1.3268951062383414,0.6660423367642352
Bame_std,5.653803616939077,6.656317416059216,6.997237374660067,5.469803575844689,5.629509350124323,22.793551594057718,8.497823383920444,0.44033542582823754,0.5637656202504853,1.137746669177707,0.4691847362910267,0.7438860000820462,1.3268951062383414,0.6660423367642352
Kalagaun_std,5.430293251365721,6.7535616664757825,6.88847773436705,5.050366529377946,5.649006972875706,22.02742938873585,8.085980092398522,0.31445381673594053,0.5863611321788751,1.1941801033374941,0.4597129441728359,0.7286911579592641,1.3399071589141427,0.6322888881687188
Parasan_std,6.706058722384839,7.116742414079497,7.695500773844029,6.494641506218235,6.622800547231676,22.567583671535743,8.951398033481489,0.6604338144801456,0.8423815659374638,1.5290176661191945,0.6726943039169222,1.3408344769282827,1.8436278740353755,1.142632179145046
Birendranagar-13_std,5.653803616939077,6.656317416059216,6.997237374660067,5.469803575844689,5.629509350124323,22.793551594057718,8.497823383920444,0.44033542582823754,0.5637656202504853,1.137746669177707,0.4691847362910267,0.7438860000820462,1.3268951062383414,0.6660423367642352
Chhiwang_std,5.430293251365721,6.7535616664757825,6.88847773436705,5.050366529377946,5.649006972875706,22.02742938873585,8.085980092398522,0.31445381673594053,0.5863611321788751,1.1941801033374941,0.4597129441728359,0.7286911579592641,1.3399071589141427,0.6322888881687188
Teduha_std,6.706058722384839,7.116742414079497,7.695500773844029,6.494641506218235,6.622800547231676,22.567583671535743,8.951398033481489,0.6604338144801456,0.8423815659374638,1.5290176661191945,0.6726943039169222,1.3408344769282827,1.8436278740353755,1.142632179145046
Laxmipur_std,6.706058722384839,7.116742414079497,7.695500773844029,6.494641506218235,6.622800547231676,22.567583671535743,8.951398033481489,0.6604338144801456,0.8423815659374638,1.5290176661191945,0.6726943039169222,1.3408344769282827,1.8436278740353755,1.142632179145046
Kiratpur_std,6.706058722384839,7.116742414079497,7.695500773844029,6.494641506218235,6.622800547231676,22.567583671535743,8.951398033481489,0.6604338144801456,0.8423815659374638,1.5290176661191945,0.6726943039169222,1.3408344769282827,1.8436278740353755,1.142632179145046
Chisapani_std,6.306481199778404,6.922747283761365,7.37860631639412,6.137733665949856,6.159512251632085,22.04866067903487,8.016158927045455,0.614074009763771,0.635326020839753,1.2795439469424972,0.5323532298296667,0.9352237087879225,1.521724933013858,0.8239596795344469
GaineKanda_std,6.306481199778404,6.922747283761365,7.37860631639412,6.137733665949856,6.159512251632085,22.04866067903487,8.016158927045455,0.614074009763771,0.635326020839753,1.2795439469424972,0.5323532298296667,0.9352237087879225,1.521724933013858,0.8239596795344469
Dharapani II_std,5.653803616939077,6.656317416059216,6.997237374660067,5.469803575844689,5.629509350124323,22.793551594057718,8.497823383920444,0.44033542582823754,0.5637656202504853,1.137746669177707,0.4691847362910267,0.7438860000820462,1.3268951062383414,0.6660423367642352
Punarbas_std,6.706058722384839,7.116742414079497,7.695500773844029,6.494641506218235,6.622800547231676,22.567583671535743,8.951398033481489,0.6604338144801456,0.8423815659374638,1.5290176661191945,0.6726943039169222,1.3408344769282827,1.8436278740353755,1.142632179145046
Taranga_std,6.306481199778404,6.922747283761365,7.37860631639412,6.137733665949856,6.159512251632085,22.04866067903487,8.016158927045455,0.614074009763771,0.635326020839753,1.2795439469424972,0.5323532298296667,0.9352237087879225,1.521724933013858,0.8239596795344469
Odaaltaal_std,6.306481199778404,6.922747283761365,7.37860631639412,6.137733665949856,6.159512251632085,22.04866067903487,8.016158927045455,0.614074009763771,0.635326020839753,1.2795439469424972,0.5323532298296667,0.9352237087879225,1.521724933013858,0.8239596795344469
Dharapani I_std,5.653803616939077,6.656317416059216,6.997237374660067,5.469803575844689,5.629509350124323,22.793551594057718,8.497823383920444,0.44033542582823754,0.5637656202504853,1.137746669177707,0.4691847362910267,0.7438860000820462,1.3268951062383414,0.6660423367642352
Lekhfarsa_std,5.653803616939077,6.656317416059216,6.997237374660067,5.469803575844689,5.629509350124323,22.793551594057718,8.497823383920444,0.44033542582823754,0.5637656202504853,1.137746669177707,0.4691847362910267,0.7438860000820462,1.3268951062383414,0.6660423367642352
Gahara_std,5.653803616939077,6.656317416059216,6.997237374660067,5.469803575844689,5.629509350124323,22.793551594057718,8.497823383920444,0.44033542582823754,0.5637656202504853,1.137746669177707,0.4691847362910267,0.7438860000820462,1.3268951062383414,0.6660423367642352
Sema_std,5.653803616939077,6.656317416059216,6.997237374660067,5.469803575844689,5.629509350124323,22.793551594057718,8.497823383920444,0.44033542582823754,0.5637656202504853,1.137746669177707,0.4691847362910267,0.7438860000820462,1.3268951062383414,0.6660423367642352
Bhoor_std,5.653803616939077,6.656317416059216,6.997237374660067,5.469803575844689,5.629509350124323,22.793551594057718,8.497823383920444,0.44033542582823754,0.5637656202504853,1.137746669177707,0.4691847362910267,0.7438860000820462,1.3268951062383414,0.6660423367642352
Kalika_std,6.706058722384839,7.116742414079497,7.695500773844029,6.494641506218235,6.622800547231676,22.567583671535743,8.951398033481489,0.6604338144801456,0.8423815659374638,1.5290176661191945,0.6726943039169222,1.3408344769282827,1.8436278740353755,1.142632179145046
Karari Park_std,6.706058722384839,7.116742414079497,7.695500773844029,6.494641506218235,6.622800547231676,22.567583671535743,8.951398033481489,0.6604338144801456,0.8423815659374638,1.5290176661191945,0.6726943039169222,1.3408344769282827,1.8436278740353755,1.142632179145046
Dhangad Gaun_std,6.306481199778404,6.922747283761365,7.37860631639412,6.137733665949856,6.159512251632085,22.04866067903487,8.016158927045455,0.614074009763771,0.635326020839753,1.2795439469424972,0.5323532298296667,0.9352237087879225,1.521724933013858,0.8239596795344469
piladi_std,5.653803616939077,6.656317416059216,6.997237374660067,5.469803575844689,5.629509350124323,22.793551594057718,8.497823383920444,0.44033542582823754,0.5637656202504853,1.137746669177707,0.4691847362910267,0.7438860000820462,1.3268951062383414,0.6660423367642352
Matela_std,5.653803616939077,6.656317416059216,6.997237374660067,5.469803575844689,5.629509350124323,22.793551594057718,8.497823383920444,0.44033542582823754,0.5637656202504853,1.137746669177707,0.4691847362910267,0.7438860000820462,1.3268951062383414,0.6660423367642352
Purtimkanda_std,5.430293251365721,6.7535616664757825,6.88847773436705,5.050366529377946,5.649006972875706,22.02742938873585,8.085980092398522,0.31445381673594053,0.5863611321788751,1.1941801033374941,0.4597129441728359,0.7286911579592641,1.3399071589141427,0.6322888881687188
Belauri_std,6.706058722384839,7.116742414079497,7.695500773844029,6.494641506218235,6.622800547231676,22.567583671535743,8.951398033481489,0.6604338144801456,0.8423815659374638,1.5290176661191945,0.6726943039169222,1.3408344769282827,1.8436278740353755,1.142632179145046
Baisi Bichawa_std,6.706058722384839,7.116742414079497,7.695500773844029,6.494641506218235,6.622800547231676,22.567583671535743,8.951398033481489,0.6604338144801456,0.8423815659374638,1.5290176661191945,0.6726943039169222,1.3408344769282827,1.8436278740353755,1.142632179145046
Dhangadhi funcity_std,6.706058722384839,7.116742414079497,7.695500773844029,6.494641506218235,6.622800547231676,22.567583671535743,8.951398033481489,0.6604338144801456,0.8423815659374638,1.5290176661191945,0.6726943039169222,1.3408344769282827,1.8436278740353755,1.142632179145046
Dhangadhi_std,6.706058722384839,7.116742414079497,7.695500773844029,6.494641506218235,6.622800547231676,22.567583671535743,8.951398033481489,0.6604338144801456,0.8423815659374638,1.5290176661191945,0.6726943039169222,1.3408344769282827,1.8436278740353755,1.142632179145046
Gurashe Bazar_std,5.653803616939077,6.656317416059216,6.997237374660067,5.469803575844689,5.629509350124323,22.793551594057718,8.497823383920444,0.44033542582823754,0.5637656202504853,1.137746669177707,0.4691847362910267,0.7438860000820462,1.3268951062383414,0.6660423367642352
Bhakunda Ground_std,6.706058722384839,7.116742414079497,7.695500773844029,6.494641506218235,6.622800547231676,22.567583671535743,8.951398033481489,0.6604338144801456,0.8423815659374638,1.5290176661191945,0.6726943039169222,1.3408344769282827,1.8436278740353755,1.142632179145046
Badhara_std,6.706058722384839,7.116742414079497,7.695500773844029,6.494641506218235,6.622800547231676,22.567583671535743,8.951398033481489,0.6604338144801456,0.8423815659374638,1.5290176661191945,0.6726943039169222,1.3408344769282827,1.8436278740353755,1.142632179145046
Kunathari_std,6.306481199778404,6.922747283761365,7.37860631639412,6.137733665949856,6.159512251632085,22.04866067903487,8.016158927045455,0.614074009763771,0.635326020839753,1.2795439469424972,0.5323532298296667,0.9352237087879225,1.521724933013858,0.8239596795344469
Boradadi_std,6.706058722384839,7.116742414079497,7.695500773844029,6.494641506218235,6.622800547231676,22.567583671535743,8.951398033481489,0.6604338144801456,0.8423815659374638,1.5290176661191945,0.6726943039169222,1.3408344769282827,1.8436278740353755,1.142632179145046
Awal Parajul_std,5.653803616939077,6.656317416059216,6.997237374660067,5.469803575844689,5.629509350124323,22.793551594057718,8.497823383920444,0.44033542582823754,0.5637656202504853,1.137746669177707,0.4691847362910267,0.7438860000820462,1.3268951062383414,0.6660423367642352
Rampur Bilaspur_std,7.113606031048784,7.20235437095358,8.118516811692434,6.821522765535057,7.228247891800126,23.090908255412614,9.577725634493476,0.684759227645378,1.0780501116496226,1.79916191266991,0.8360874908568423,1.6760004667622443,2.13769344864929,1.4242502813245899
Ram Mandir_std,6.706058722384839,7.116742414079497,7.695500773844029,6.494641506218235,6.622800547231676,22.567583671535743,8.951398033481489,0.6604338144801456,0.8423815659374638,1.5290176661191945,0.6726943039169222,1.3408344769282827,1.8436278740353755,1.142632179145046
Saule_std,6.306481199778404,6.922747283761365,7.37860631639412,6.137733665949856,6.159512251632085,22.04866067903487,8.016158927045455,0.614074009763771,0.635326020839753,1.2795439469424972,0.5323532298296667,0.9352237087879225,1.521724933013858,0.8239596795344469
Dasera_std,5.653803616939077,6.656317416059216,6.997237374660067,5.469803575844689,5.629509350124323,22.793551594057718,8.497823383920444,0.44033542582823754,0.5637656202504853,1.137746669177707,0.4691847362910267,0.7438860000820462,1.3268951062383414,0.6660423367642352
Khalanga_std,5.653803616939077,6.656317416059216,6.997237374660067,5.469803575844689,5.629509350124323,22.793551594057718,8.497823383920444,0.44033542582823754,0.5637656202504853,1.137746669177707,0.4691847362910267,0.7438860000820462,1.3268951062383414,0.6660423367642352
Aathbisdanda_std,5.430293251365721,6.7535616664757825,6.88847773436705,5.050366529377946,5.649006972875706,22.02742938873585,8.085980092398522,0.31445381673594053,0.5863611321788751,1.1941801033374941,0.4597129441728359,0.7286911579592641,1.3399071589141427,0.6322888881687188
Dhangadhi Airport_std,5.9461686829556974,6.896498182759632,7.0252855353649855,5.724046338929021,5.908809541411714,22.284993732654396,9.32604132436181,0.5095041866267013,0.4972970387201249,1.0012080074107856,0.4115440512436444,0.7464583752395687,1.310377744724792,0.6372725228211459
BelaDevipur_std,5.9461686829556974,6.896498182759632,7.0252855353649855,5.724046338929021,5.908809541411714,22.284993732654396,9.32604132436181,0.5095041866267013,0.4972970387201249,1.0012080074107856,0.4115440512436444,0.7464583752395687,1.310377744724792,0.6372725228211459
Pokharikanda_std,5.827978063569922,6.944997906836117,7.097684382218484,5.578920843845234,6.051477680940684,22.792627751755138,7.142610116543851,0.4174388998881386,0.42422712216746905,0.91156782118675,0.27455173721380033,0.5377270821703617,1.0438708897330369,0.40180999600065836
Beldandi_std,6.5211260589838425,6.974121082019308,7.465234462658323,6.201025127772271,6.477632200024484,22.2858388672293,10.215046797610228,0.5903407710570189,0.7645045552484282,1.4834301371261323,0.6997311930813218,1.1511468669546907,1.624299670812735,1.1119230733255596
Bhairabstan_std,5.827978063569922,6.944997906836117,7.097684382218484,5.578920843845234,6.051477680940684,22.792627751755138,7.142610116543851,0.4174388998881386,0.42422712216746905,0.91156782118675,0.27455173721380033,0.5377270821703617,1.0438708897330369,0.40180999600065836
Malika_std,5.6334860920677805,6.862120459976133,7.0028256544308,5.193585073507729,6.002268787701671,21.347573067110417,7.494143152044007,0.2819883907978739,0.4518002799914022,1.0105401303222405,0.29458055520687537,0.5055310218229919,1.038643480640385,0.4318941200593391
Pajaru_std,5.6334860920677805,6.862120459976133,7.0028256544308,5.193585073507729,6.002268787701671,21.347573067110417,7.494143152044007,0.2819883907978739,0.4518002799914022,1.0105401303222405,0.29458055520687537,0.5055310218229919,1.038643480640385,0.4318941200593391
Bacchuwa_std,6.5211260589838425,6.974121082019308,7.465234462658323,6.201025127772271,6.477632200024484,22.2858388672293,10.215046797610228,0.5903407710570189,0.7645045552484282,1.4834301371261323,0.6997311930813218,1.1511468669546907,1.624299670812735,1.1119230733255596
Lalmali temple_std,5.9461686829556974,6.896498182759632,7.0252855353649855,5.724046338929021,5.908809541411714,22.284993732654396,9.32604132436181,0.5095041866267013,0.4972970387201249,1.0012080074107856,0.4115440512436444,0.7464583752395687,1.310377744724792,0.6372725228211459
Rahaph_std,5.827978063569922,6.944997906836117,7.097684382218484,5.578920843845234,6.051477680940684,22.792627751755138,7.142610116543851,0.4174388998881386,0.42422712216746905,0.91156782118675,0.27455173721380033,0.5377270821703617,1.0438708897330369,0.40180999600065836
Room_std,5.6334860920677805,6.862120459976133,7.0028256544308,5.193585073507729,6.002268787701671,21.347573067110417,7.494143152044007,0.2819883907978739,0.4518002799914022,1.0105401303222405,0.29458055520687537,0.5055310218229919,1.038643480640385,0.4318941200593391
Rajalake_std,5.9461686829556974,6.896498182759632,7.0252855353649855,5.724046338929021,5.908809541411714,22.284993732654396,9.32604132436181,0.5095041866267013,0.4972970387201249,1.0012080074107856,0.4115440512436444,0.7464583752395687,1.310377744724792,0.6372725228211459
Lahai_std,5.617625048342934,7.039590246831843,7.087931883841076,5.416259457325163,5.883770405674412,20.938904484616838,6.716424379237292,0.22331445858249754,0.4380394213477309,1.0345901409239382,0.3211521382090556,0.4279804746363142,0.9631773129724418,0.39398963168261103
Dodhara_std,6.5211260589838425,6.974121082019308,7.465234462658323,6.201025127772271,6.477632200024484,22.2858388672293,10.215046797610228,0.5903407710570189,0.7645045552484282,1.4834301371261323,0.6997311930813218,1.1511468669546907,1.624299670812735,1.1119230733255596
Balma_std,6.5211260589838425,6.974121082019308,7.465234462658323,6.201025127772271,6.477632200024484,22.2858388672293,10.215046797610228,0.5903407710570189,0.7645045552484282,1.4834301371261323,0.6997311930813218,1.1511468669546907,1.624299670812735,1.1119230733255596
Bandevi Temple_std,5.9461686829556974,6.896498182759632,7.0252855353649855,5.724046338929021,5.908809541411714,22.284993732654396,9.32604132436181,0.5095041866267013,0.4972970387201249,1.0012080074107856,0.4115440512436444,0.7464583752395687,1.310377744724792,0.6372725228211459
Singghasan Temple_std,5.9461686829556974,6.896498182759632,7.0252855353649855,5.724046338929021,5.908809541411714,22.284993732654396,9.32604132436181,0.5095041866267013,0.4972970387201249,1.0012080074107856,0.4115440512436444,0.7464583752395687,1.310377744724792,0.6372725228211459
Shuklaphata_std,6.5211260589838425,6.974121082019308,7.465234462658323,6.201025127772271,6.477632200024484,22.2858388672293,10.215046797610228,0.5903407710570189,0.7645045552484282,1.4834301371261323,0.6997311930813218,1.1511468669546907,1.624299670812735,1.1119230733255596
Godawari Temple_std,5.9461686829556974,6.896498182759632,7.0252855353649855,5.724046338929021,5.908809541411714,22.284993732654396,9.32604132436181,0.5095041866267013,0.4972970387201249,1.0012080074107856,0.4115440512436444,0.7464583752395687,1.310377744724792,0.6372725228211459
Khairala_std,5.9461686829556974,6.896498182759632,7.0252855353649855,5.724046338929021,5.908809541411714,22.284993732654396,9.32604132436181,0.5095041866267013,0.4972970387201249,1.0012080074107856,0.4115440512436444,0.7464583752395687,1.310377744724792,0.6372725228211459
badakhola_std,5.6334860920677805,6.862120459976133,7.0028256544308,5.193585073507729,6.002268787701671,21.347573067110417,7.494143152044007,0.2819883907978739,0.4518002799914022,1.0105401303222405,0.29458055520687537,0.5055310218229919,1.038643480640385,0.4318941200593391
Jajarkot_std,5.6334860920677805,6.862120459976133,7.0028256544308,5.193585073507729,6.002268787701671,21.347573067110417,7.494143152044007,0.2819883907978739,0.4518002799914022,1.0105401303222405,0.29458055520687537,0.5055310218229919,1.038643480640385,0.4318941200593391
Garkhakot_std,5.6334860920677805,6.862120459976133,7.0028256544308,5.193585073507729,6.002268787701671,21.347573067110417,7.494143152044007,0.2819883907978739,0.4518002799914022,1.0105401303222405,0.29458055520687537,0.5055310218229919,1.038643480640385,0.4318941200593391
Katunje_std,5.9461686829556974,6.896498182759632,7.0252855353649855,5.724046338929021,5.908809541411714,22.284993732654396,9.32604132436181,0.5095041866267013,0.4972970387201249,1.0012080074107856,0.4115440512436444,0.7464583752395687,1.310377744724792,0.6372725228211459
Gautamkot_std,5.617625048342934,7.039590246831843,7.087931883841076,5.416259457325163,5.883770405674412,20.938904484616838,6.716424379237292,0.22331445858249754,0.4380394213477309,1.0345901409239382,0.3211521382090556,0.4279804746363142,0.9631773129724418,0.39398963168261103
Budhetola_std,5.9461686829556974,6.896498182759632,7.0252855353649855,5.724046338929021,5.908809541411714,22.284993732654396,9.32604132436181,0.5095041866267013,0.4972970387201249,1.0012080074107856,0.4115440512436444,0.7464583752395687,1.310377744724792,0.6372725228211459
Gajari Jharna_std,5.9461686829556974,6.896498182759632,7.0252855353649855,5.724046338929021,5.908809541411714,22.284993732654396,9.32604132436181,0.5095041866267013,0.4972970387201249,1.0012080074107856,0.4115440512436444,0.7464583752395687,1.310377744724792,0.6372725228211459
Ramidanda_std,5.617625048342934,7.039590246831843,7.087931883841076,5.416259457325163,5.883770405674412,20.938904484616838,6.716424379237292,0.22331445858249754,0.4380394213477309,1.0345901409239382,0.3211521382090556,0.4279804746363142,0.9631773129724418,0.39398963168261103
Dodhara Chadani_std,6.5211260589838425,6.974121082019308,7.465234462658323,6.201025127772271,6.477632200024484,22.2858388672293,10.215046797610228,0.5903407710570189,0.7645045552484282,1.4834301371261323,0.6997311930813218,1.1511468669546907,1.624299670812735,1.1119230733255596
Shantitol_std,6.5211260589838425,6.974121082019308,7.465234462658323,6.201025127772271,6.477632200024484,22.2858388672293,10.215046797610228,0.5903407710570189,0.7645045552484282,1.4834301371261323,0.6997311930813218,1.1511468669546907,1.624299670812735,1.1119230733255596
Florida Hostel_std,6.5211260589838425,6.974121082019308,7.465234462658323,6.201025127772271,6.477632200024484,22.2858388672293,10.215046797610228,0.5903407710570189,0.7645045552484282,1.4834301371261323,0.6997311930813218,1.1511468669546907,1.624299670812735,1.1119230733255596
Daijee_std,6.5211260589838425,6.974121082019308,7.465234462658323,6.201025127772271,6.477632200024484,22.2858388672293,10.215046797610228,0.5903407710570189,0.7645045552484282,1.4834301371261323,0.6997311930813218,1.1511468669546907,1.624299670812735,1.1119230733255596
Dhungachaina_std,5.827978063569922,6.944997906836117,7.097684382218484,5.578920843845234,6.051477680940684,22.792627751755138,7.142610116543851,0.4174388998881386,0.42422712216746905,0.91156782118675,0.27455173721380033,0.5377270821703617,1.0438708897330369,0.40180999600065836
Dailekh_std,5.6334860920677805,6.862120459976133,7.0028256544308,5.193585073507729,6.002268787701671,21.347573067110417,7.494143152044007,0.2819883907978739,0.4518002799914022,1.0105401303222405,0.29458055520687537,0.5055310218229919,1.038643480640385,0.4318941200593391
Odahari_std,5.6334860920677805,6.862120459976133,7.0028256544308,5.193585073507729,6.002268787701671,21.347573067110417,7.494143152044007,0.2819883907978739,0.4518002799914022,1.0105401303222405,0.29458055520687537,0.5055310218229919,1.038643480640385,0.4318941200593391
Laxmi Niwas_std,6.5211260589838425,6.974121082019308,7.465234462658323,6.201025127772271,6.477632200024484,22.2858388672293,10.215046797610228,0.5903407710570189,0.7645045552484282,1.4834301371261323,0.6997311930813218,1.1511468669546907,1.624299670812735,1.1119230733255596
Bhimdatta Municipality_std,6.5211260589838425,6.974121082019308,7.465234462658323,6.201025127772271,6.477632200024484,22.2858388672293,10.215046797610228,0.5903407710570189,0.7645045552484282,1.4834301371261323,0.6997311930813218,1.1511468669546907,1.624299670812735,1.1119230733255596
Ragda_std,5.617625048342934,7.039590246831843,7.087931883841076,5.416259457325163,5.883770405674412,20.938904484616838,6.716424379237292,0.22331445858249754,0.4380394213477309,1.0345901409239382,0.3211521382090556,0.4279804746363142,0.9631773129724418,0.39398963168261103
Polkhari_std,6.5211260589838425,6.974121082019308,7.465234462658323,6.201025127772271,6.477632200024484,22.2858388672293,10.215046797610228,0.5903407710570189,0.7645045552484282,1.4834301371261323,0.6997311930813218,1.1511468669546907,1.624299670812735,1.1119230733255596
Nigali_std,5.9461686829556974,6.896498182759632,7.0252855353649855,5.724046338929021,5.908809541411714,22.284993732654396,9.32604132436181,0.5095041866267013,0.4972970387201249,1.0012080074107856,0.4115440512436444,0.7464583752395687,1.310377744724792,0.6372725228211459
Daha_std,5.6334860920677805,6.862120459976133,7.0028256544308,5.193585073507729,6.002268787701671,21.347573067110417,7.494143152044007,0.2819883907978739,0.4518002799914022,1.0105401303222405,0.29458055520687537,0.5055310218229919,1.038643480640385,0.4318941200593391
Gadda Chauki_std,6.5211260589838425,6.974121082019308,7.465234462658323,6.201025127772271,6.477632200024484,22.2858388672293,10.215046797610228,0.5903407710570189,0.7645045552484282,1.4834301371261323,0.6997311930813218,1.1511468669546907,1.624299670812735,1.1119230733255596
Bhimdatta_std,6.5211260589838425,6.974121082019308,7.465234462658323,6.201025127772271,6.477632200024484,22.2858388672293,10.215046797610228,0.5903407710570189,0.7645045552484282,1.4834301371261323,0.6997311930813218,1.1511468669546907,1.624299670812735,1.1119230733255596
Suda_std,6.5211260589838425,6.974121082019308,7.465234462658323,6.201025127772271,6.477632200024484,22.2858388672293,10.215046797610228,0.5903407710570189,0.7645045552484282,1.4834301371261323,0.6997311930813218,1.1511468669546907,1.624299670812735,1.1119230733255596
Sahajpur_std,5.9461686829556974,6.896498182759632,7.0252855353649855,5.724046338929021,5.908809541411714,22.284993732654396,9.32604132436181,0.5095041866267013,0.4972970387201249,1.0012080074107856,0.4115440512436444,0.7464583752395687,1.310377744724792,0.6372725228211459
Barachhen_std,5.9461686829556974,6.896498182759632,7.0252855353649855,5.724046338929021,5.908809541411714,22.284993732654396,9.32604132436181,0.5095041866267013,0.4972970387201249,1.0012080074107856,0.4115440512436444,0.7464583752395687,1.310377744724792,0.6372725228211459
Walant_std,5.827978063569922,6.944997906836117,7.097684382218484,5.578920843845234,6.051477680940684,22.792627751755138,7.142610116543851,0.4174388998881386,0.42422712216746905,0.91156782118675,0.27455173721380033,0.5377270821703617,1.0438708897330369,0.40180999600065836
Lakhanora_std,5.827978063569922,6.944997906836117,7.097684382218484,5.578920843845234,6.051477680940684,22.792627751755138,7.142610116543851,0.4174388998881386,0.42422712216746905,0.91156782118675,0.27455173721380033,0.5377270821703617,1.0438708897330369,0.40180999600065836
DObala_std,5.9461686829556974,6.896498182759632,7.0252855353649855,5.724046338929021,5.908809541411714,22.284993732654396,9.32604132436181,0.5095041866267013,0.4972970387201249,1.0012080074107856,0.4115440512436444,0.7464583752395687,1.310377744724792,0.6372725228211459
Khandanda_std,5.9461686829556974,6.896498182759632,7.0252855353649855,5.724046338929021,5.908809541411714,22.284993732654396,9.32604132436181,0.5095041866267013,0.4972970387201249,1.0012080074107856,0.4115440512436444,0.7464583752395687,1.310377744724792,0.6372725228211459
Bp Nagar_std,5.9461686829556974,6.896498182759632,7.0252855353649855,5.724046338929021,5.908809541411714,22.284993732654396,9.32604132436181,0.5095041866267013,0.4972970387201249,1.0012080074107856,0.4115440512436444,0.7464583752395687,1.310377744724792,0.6372725228211459
barchain_std,5.9461686829556974,6.896498182759632,7.0252855353649855,5.724046338929021,5.908809541411714,22.284993732654396,9.32604132436181,0.5095041866267013,0.4972970387201249,1.0012080074107856,0.4115440512436444,0.7464583752395687,1.310377744724792,0.6372725228211459
Kihunain_std,5.827978063569922,6.944997906836117,7.097684382218484,5.578920843845234,6.051477680940684,22.792627751755138,7.142610116543851,0.4174388998881386,0.42422712216746905,0.91156782118675,0.27455173721380033,0.5377270821703617,1.0438708897330369,0.40180999600065836
Kusapani_std,5.6334860920677805,6.862120459976133,7.0028256544308,5.193585073507729,6.002268787701671,21.347573067110417,7.494143152044007,0.2819883907978739,0.4518002799914022,1.0105401303222405,0.29458055520687537,0.5055310218229919,1.038643480640385,0.4318941200593391
Bhalulek_std,5.617625048342934,7.039590246831843,7.087931883841076,5.416259457325163,5.883770405674412,20.938904484616838,6.716424379237292,0.22331445858249754,0.4380394213477309,1.0345901409239382,0.3211521382090556,0.4279804746363142,0.9631773129724418,0.39398963168261103
Siddhartha Lake_std,6.5211260589838425,6.974121082019308,7.465234462658323,6.201025127772271,6.477632200024484,22.2858388672293,10.215046797610228,0.5903407710570189,0.7645045552484282,1.4834301371261323,0.6997311930813218,1.1511468669546907,1.624299670812735,1.1119230733255596
Bedkot Lake_std,6.5211260589838425,6.974121082019308,7.465234462658323,6.201025127772271,6.477632200024484,22.2858388672293,10.215046797610228,0.5903407710570189,0.7645045552484282,1.4834301371261323,0.6997311930813218,1.1511468669546907,1.624299670812735,1.1119230733255596
Odanaku_std,5.6334860920677805,6.862120459976133,7.0028256544308,5.193585073507729,6.002268787701671,21.347573067110417,7.494143152044007,0.2819883907978739,0.4518002799914022,1.0105401303222405,0.29458055520687537,0.5055310218229919,1.038643480640385,0.4318941200593391
Patal_std,5.9461686829556974,6.896498182759632,7.0252855353649855,5.724046338929021,5.908809541411714,22.284993732654396,9.32604132436181,0.5095041866267013,0.4972970387201249,1.0012080074107856,0.4115440512436444,0.7464583752395687,1.310377744724792,0.6372725228211459
Lipna temple_std,5.9461686829556974,6.896498182759632,7.0252855353649855,5.724046338929021,5.908809541411714,22.284993732654396,9.32604132436181,0.5095041866267013,0.4972970387201249,1.0012080074107856,0.4115440512436444,0.7464583752395687,1.310377744724792,0.6372725228211459
patal_std,5.9461686829556974,6.896498182759632,7.0252855353649855,5.724046338929021,5.908809541411714,22.284993732654396,9.32604132436181,0.5095041866267013,0.4972970387201249,1.0012080074107856,0.4115440512436444,0.7464583752395687,1.310377744724792,0.6372725228211459
Chalsa_std,5.827978063569922,6.944997906836117,7.097684382218484,5.578920843845234,6.051477680940684,22.792627751755138,7.142610116543851,0.4174388998881386,0.42422712216746905,0.91156782118675,0.27455173721380033,0.5377270821703617,1.0438708897330369,0.40180999600065836
Narkhu_std,5.617625048342934,7.039590246831843,7.087931883841076,5.416259457325163,5.883770405674412,20.938904484616838,6.716424379237292,0.22331445858249754,0.4380394213477309,1.0345901409239382,0.3211521382090556,0.4279804746363142,0.9631773129724418,0.39398963168261103
Jhilmila tal_std,6.5211260589838425,6.974121082019308,7.465234462658323,6.201025127772271,6.477632200024484,22.2858388672293,10.215046797610228,0.5903407710570189,0.7645045552484282,1.4834301371261323,0.6997311930813218,1.1511468669546907,1.624299670812735,1.1119230733255596
Chhatiwan_std,5.9461686829556974,6.896498182759632,7.0252855353649855,5.724046338929021,5.908809541411714,22.284993732654396,9.32604132436181,0.5095041866267013,0.4972970387201249,1.0012080074107856,0.4115440512436444,0.7464583752395687,1.310377744724792,0.6372725228211459
Laxmi nagar_std,5.9461686829556974,6.896498182759632,7.0252855353649855,5.724046338929021,5.908809541411714,22.284993732654396,9.32604132436181,0.5095041866267013,0.4972970387201249,1.0012080074107856,0.4115440512436444,0.7464583752395687,1.310377744724792,0.6372725228211459
Mugraha_std,5.6334860920677805,6.862120459976133,7.0028256544308,5.193585073507729,6.002268787701671,21.347573067110417,7.494143152044007,0.2819883907978739,0.4518002799914022,1.0105401303222405,0.29458055520687537,0.5055310218229919,1.038643480640385,0.4318941200593391
Nayakwada_std,5.617625048342934,7.039590246831843,7.087931883841076,5.416259457325163,5.883770405674412,20.938904484616838,6.716424379237292,0.22331445858249754,0.4380394213477309,1.0345901409239382,0.3211521382090556,0.4279804746363142,0.9631773129724418,0.39398963168261103
Jogbudha_std,5.9461686829556974,6.896498182759632,7.0252855353649855,5.724046338929021,5.908809541411714,22.284993732654396,9.32604132436181,0.5095041866267013,0.4972970387201249,1.0012080074107856,0.4115440512436444,0.7464583752395687,1.310377744724792,0.6372725228211459
Alital_std,5.9461686829556974,6.896498182759632,7.0252855353649855,5.724046338929021,5.908809541411714,22.284993732654396,9.32604132436181,0.5095041866267013,0.4972970387201249,1.0012080074107856,0.4115440512436444,0.7464583752395687,1.310377744724792,0.6372725228211459
Budar_std,5.9461686829556974,6.896498182759632,7.0252855353649855,5.724046338929021,5.908809541411714,22.284993732654396,9.32604132436181,0.5095041866267013,0.4972970387201249,1.0012080074107856,0.4115440512436444,0.7464583752395687,1.310377744724792,0.6372725228211459
Pipalkot_std,5.827978063569922,6.944997906836117,7.097684382218484,5.578920843845234,6.051477680940684,22.792627751755138,7.142610116543851,0.4174388998881386,0.42422712216746905,0.91156782118675,0.27455173721380033,0.5377270821703617,1.0438708897330369,0.40180999600065836
Dhirkamandau_std,5.9461686829556974,6.896498182759632,7.0252855353649855,5.724046338929021,5.908809541411714,22.284993732654396,9.32604132436181,0.5095041866267013,0.4972970387201249,1.0012080074107856,0.4115440512436444,0.7464583752395687,1.310377744724792,0.6372725228211459
Mangalsen_std,5.827978063569922,6.944997906836117,7.097684382218484,5.578920843845234,6.051477680940684,22.792627751755138,7.142610116543851,0.4174388998881386,0.42422712216746905,0.91156782118675,0.27455173721380033,0.5377270821703617,1.0438708897330369,0.40180999600065836
Saraswotinagar_std,5.9461686829556974,6.896498182759632,7.0252855353649855,5.724046338929021,5.908809541411714,22.284993732654396,9.32604132436181,0.5095041866267013,0.4972970387201249,1.0012080074107856,0.4115440512436444,0.7464583752395687,1.310377744724792,0.6372725228211459
Chapamandau_std,5.827978063569922,6.944997906836117,7.097684382218484,5.578920843845234,6.051477680940684,22.792627751755138,7.142610116543851,0.4174388998881386,0.42422712216746905,0.91156782118675,0.27455173721380033,0.5377270821703617,1.0438708897330369,0.40180999600065836
Sirsa_std,5.9461686829556974,6.896498182759632,7.0252855353649855,5.724046338929021,5.908809541411714,22.284993732654396,9.32604132436181,0.5095041866267013,0.4972970387201249,1.0012080074107856,0.4115440512436444,0.7464583752395687,1.310377744724792,0.6372725228211459
Mudhegaun_std,5.9461686829556974,6.896498182759632,7.0252855353649855,5.724046338929021,5.908809541411714,22.284993732654396,9.32604132436181,0.5095041866267013,0.4972970387201249,1.0012080074107856,0.4115440512436444,0.7464583752395687,1.310377744724792,0.6372725228211459
Gankhet_std,5.9461686829556974,6.896498182759632,7.0252855353649855,5.724046338929021,5.908809541411714,22.284993732654396,9.32604132436181,0.5095041866267013,0.4972970387201249,1.0012080074107856,0.4115440512436444,0.7464583752395687,1.310377744724792,0.6372725228211459
Thuwa_std,5.827978063569922,6.944997906836117,7.097684382218484,5.578920843845234,6.051477680940684,22.792627751755138,7.142610116543851,0.4174388998881386,0.42422712216746905,0.91156782118675,0.27455173721380033,0.5377270821703617,1.0438708897330369,0.40180999600065836
Gogan_std,5.9461686829556974,6.896498182759632,7.0252855353649855,5.724046338929021,5.908809541411714,22.284993732654396,9.32604132436181,0.5095041866267013,0.4972970387201249,1.0012080074107856,0.4115440512436444,0.7464583752395687,1.310377744724792,0.6372725228211459
Ladagada_std,5.827978063569922,6.944997906836117,7.097684382218484,5.578920843845234,6.051477680940684,22.792627751755138,7.142610116543851,0.4174388998881386,0.42422712216746905,0.91156782118675,0.27455173721380033,0.5377270821703617,1.0438708897330369,0.40180999600065836
Ramaroshan_std,5.827978063569922,6.944997906836117,7.097684382218484,5.578920843845234,6.051477680940684,22.792627751755138,7.142610116543851,0.4174388998881386,0.42422712216746905,0.91156782118675,0.27455173721380033,0.5377270821703617,1.0438708897330369,0.40180999600065836
Dipayal_std,5.731543089496897,6.997822184535175,7.123112778028368,5.436639532807267,5.948669978632387,22.53680319072971,8.676980033661595,0.33408169429216134,0.47213942970527734,1.0329699128897307,0.29497448025961737,0.5567941753614991,1.1014119733878638,0.42603993418453157
ganespur_std,5.731543089496897,6.997822184535175,7.123112778028368,5.436639532807267,5.948669978632387,22.53680319072971,8.676980033661595,0.33408169429216134,0.47213942970527734,1.0329699128897307,0.29497448025961737,0.5567941753614991,1.1014119733878638,0.42603993418453157
Bagarkot_std,5.731543089496897,6.997822184535175,7.123112778028368,5.436639532807267,5.948669978632387,22.53680319072971,8.676980033661595,0.33408169429216134,0.47213942970527734,1.0329699128897307,0.29497448025961737,0.5567941753614991,1.1014119733878638,0.42603993418453157
Amargadi_std,5.731543089496897,6.997822184535175,7.123112778028368,5.436639532807267,5.948669978632387,22.53680319072971,8.676980033661595,0.33408169429216134,0.47213942970527734,1.0329699128897307,0.29497448025961737,0.5567941753614991,1.1014119733878638,0.42603993418453157
Kalisthan_std,5.731543089496897,6.997822184535175,7.123112778028368,5.436639532807267,5.948669978632387,22.53680319072971,8.676980033661595,0.33408169429216134,0.47213942970527734,1.0329699128897307,0.29497448025961737,0.5567941753614991,1.1014119733878638,0.42603993418453157
Jhikrana_std,5.872583150196587,7.186789132673807,7.265547206299253,5.425041771822858,6.304491799989247,21.785227013498723,6.382724701227504,0.2546259992906661,0.4575259053795912,1.0731163330447033,0.28385342539386077,0.46711218915193153,1.0619920847828204,0.3844004548272179
Babala_std,5.872583150196587,7.186789132673807,7.265547206299253,5.425041771822858,6.304491799989247,21.785227013498723,6.382724701227504,0.2546259992906661,0.4575259053795912,1.0731163330447033,0.28385342539386077,0.46711218915193153,1.0619920847828204,0.3844004548272179
Udayadev_std,5.731543089496897,6.997822184535175,7.123112778028368,5.436639532807267,5.948669978632387,22.53680319072971,8.676980033661595,0.33408169429216134,0.47213942970527734,1.0329699128897307,0.29497448025961737,0.5567941753614991,1.1014119733878638,0.42603993418453157
Mahakali_std,5.867061106944727,6.875383687383414,7.181954603936035,5.666644091834813,5.932891433044455,22.83212271180381,9.546793245046182,0.39278970784851036,0.5874340225896805,1.2336208739943917,0.3938616172058189,0.7636455101974771,1.3945063624760394,0.5846013344581199
Chapali_std,5.731543089496897,6.997822184535175,7.123112778028368,5.436639532807267,5.948669978632387,22.53680319072971,8.676980033661595,0.33408169429216134,0.47213942970527734,1.0329699128897307,0.29497448025961737,0.5567941753614991,1.1014119733878638,0.42603993418453157
Kaipal_std,5.731543089496897,6.997822184535175,7.123112778028368,5.436639532807267,5.948669978632387,22.53680319072971,8.676980033661595,0.33408169429216134,0.47213942970527734,1.0329699128897307,0.29497448025961737,0.5567941753614991,1.1014119733878638,0.42603993418453157
Gajari_std,5.731543089496897,6.997822184535175,7.123112778028368,5.436639532807267,5.948669978632387,22.53680319072971,8.676980033661595,0.33408169429216134,0.47213942970527734,1.0329699128897307,0.29497448025961737,0.5567941753614991,1.1014119733878638,0.42603993418453157
patan_std,5.731543089496897,6.997822184535175,7.123112778028368,5.436639532807267,5.948669978632387,22.53680319072971,8.676980033661595,0.33408169429216134,0.47213942970527734,1.0329699128897307,0.29497448025961737,0.5567941753614991,1.1014119733878638,0.42603993418453157
GIregada_std,5.731543089496897,6.997822184535175,7.123112778028368,5.436639532807267,5.948669978632387,22.53680319072971,8.676980033661595,0.33408169429216134,0.47213942970527734,1.0329699128897307,0.29497448025961737,0.5567941753614991,1.1014119733878638,0.42603993418453157
Ramghat_std,6.005906515963304,7.283394851507654,7.3197811773739065,5.6152631273377915,6.392588214226225,20.467239647217426,5.423779187570241,0.2327009047490291,0.4273123385929742,1.1207825820570394,0.3366330656181687,0.42709009092840017,1.0623313750506975,0.39500533010496736
Rauleswor_std,5.731543089496897,6.997822184535175,7.123112778028368,5.436639532807267,5.948669978632387,22.53680319072971,8.676980033661595,0.33408169429216134,0.47213942970527734,1.0329699128897307,0.29497448025961737,0.5567941753614991,1.1014119733878638,0.42603993418453157
Sikharpur_std,5.731543089496897,6.997822184535175,7.123112778028368,5.436639532807267,5.948669978632387,22.53680319072971,8.676980033661595,0.33408169429216134,0.47213942970527734,1.0329699128897307,0.29497448025961737,0.5567941753614991,1.1014119733878638,0.42603993418453157
Baltari_std,5.731543089496897,6.997822184535175,7.123112778028368,5.436639532807267,5.948669978632387,22.53680319072971,8.676980033661595,0.33408169429216134,0.47213942970527734,1.0329699128897307,0.29497448025961737,0.5567941753614991,1.1014119733878638,0.42603993418453157
Maunali_std,5.731543089496897,6.997822184535175,7.123112778028368,5.436639532807267,5.948669978632387,22.53680319072971,8.676980033661595,0.33408169429216134,0.47213942970527734,1.0329699128897307,0.29497448025961737,0.5567941753614991,1.1014119733878638,0.42603993418453157
Dasarathchanda_std,5.731543089496897,6.997822184535175,7.123112778028368,5.436639532807267,5.948669978632387,22.53680319072971,8.676980033661595,0.33408169429216134,0.47213942970527734,1.0329699128897307,0.29497448025961737,0.5567941753614991,1.1014119733878638,0.42603993418453157
Shah lek_std,5.731543089496897,6.997822184535175,7.123112778028368,5.436639532807267,5.948669978632387,22.53680319072971,8.676980033661595,0.33408169429216134,0.47213942970527734,1.0329699128897307,0.29497448025961737,0.5567941753614991,1.1014119733878638,0.42603993418453157
Durga Bhawani_std,5.731543089496897,6.997822184535175,7.123112778028368,5.436639532807267,5.948669978632387,22.53680319072971,8.676980033661595,0.33408169429216134,0.47213942970527734,1.0329699128897307,0.29497448025961737,0.5567941753614991,1.1014119733878638,0.42603993418453157
Hatraj_std,5.731543089496897,6.997822184535175,7.123112778028368,5.436639532807267,5.948669978632387,22.53680319072971,8.676980033661595,0.33408169429216134,0.47213942970527734,1.0329699128897307,0.29497448025961737,0.5567941753614991,1.1014119733878638,0.42603993418453157
Bijaypur_std,5.731543089496897,6.997822184535175,7.123112778028368,5.436639532807267,5.948669978632387,22.53680319072971,8.676980033661595,0.33408169429216134,0.47213942970527734,1.0329699128897307,0.29497448025961737,0.5567941753614991,1.1014119733878638,0.42603993418453157
Deulek_std,5.731543089496897,6.997822184535175,7.123112778028368,5.436639532807267,5.948669978632387,22.53680319072971,8.676980033661595,0.33408169429216134,0.47213942970527734,1.0329699128897307,0.29497448025961737,0.5567941753614991,1.1014119733878638,0.42603993418453157
Shree Kedar_std,5.731543089496897,6.997822184535175,7.123112778028368,5.436639532807267,5.948669978632387,22.53680319072971,8.676980033661595,0.33408169429216134,0.47213942970527734,1.0329699128897307,0.29497448025961737,0.5567941753614991,1.1014119733878638,0.42603993418453157
Nwali_std,5.731543089496897,6.997822184535175,7.123112778028368,5.436639532807267,5.948669978632387,22.53680319072971,8.676980033661595,0.33408169429216134,0.47213942970527734,1.0329699128897307,0.29497448025961737,0.5567941753614991,1.1014119733878638,0.42603993418453157
Sharmauli_std,5.731543089496897,6.997822184535175,7.123112778028368,5.436639532807267,5.948669978632387,22.53680319072971,8.676980033661595,0.33408169429216134,0.47213942970527734,1.0329699128897307,0.29497448025961737,0.5567941753614991,1.1014119733878638,0.42603993418453157
Dilasaini_std,5.731543089496897,6.997822184535175,7.123112778028368,5.436639532807267,5.948669978632387,22.53680319072971,8.676980033661595,0.33408169429216134,0.47213942970527734,1.0329699128897307,0.29497448025961737,0.5567941753614991,1.1014119733878638,0.42603993418453157
Baluwa gadel School_std,6.261104707873816,7.516048982257416,7.717542034978727,5.840924641716125,6.7959109050388005,21.00330920697836,7.359177434703758,0.22595845613080673,0.5033634216020131,1.0412675829579856,0.2942264321007689,0.5082294176845129,1.0429723415728946,0.367786197371444
